{"cameraMode":{"drawMode":0,"name":"Shaded","section":"Shading Mode"},"sceneLighting":false,"audioPlay":false,"sceneViewState":{"m_AlwaysRefresh":false,"showFog":true,"showSkybox":false,"showFlares":true,"showImageEffects":true,"showParticleSystems":true,"showVisualEffectGraphs":true,"m_FxEnabled":true},"in2DMode":false,"pivot":{"x":2.2855560779571535,"y":1.6650798320770264,"z":5.4946794509887699},"rotation":{"x":0.18039555847644807,"y":0.03451969847083092,"z":-0.006331677548587322,"w":0.9829782247543335},"size":0.45174863934516909,"orthographic":false}