{"cameraMode":{"drawMode":0,"name":"Shaded","section":"Shading Mode"},"sceneLighting":false,"audioPlay":false,"sceneViewState":{"m_AlwaysRefresh":false,"showFog":true,"showSkybox":false,"showFlares":true,"showImageEffects":true,"showParticleSystems":true,"showVisualEffectGraphs":true,"m_FxEnabled":true},"in2DMode":false,"pivot":{"x":0.1199880838394165,"y":1.8076270818710328,"z":5.622707366943359},"rotation":{"x":0.09758751094341278,"y":-0.3698045611381531,"z":0.039066530764102939,"w":0.9231629371643066},"size":0.1378888189792633,"orthographic":false}