{"cameraMode":{"drawMode":0,"name":"Shaded","section":"Shading Mode"},"sceneLighting":false,"audioPlay":false,"sceneViewState":{"m_AlwaysRefresh":false,"showFog":true,"showSkybox":false,"showFlares":true,"showImageEffects":true,"showParticleSystems":true,"showVisualEffectGraphs":true,"m_FxEnabled":true},"in2DMode":false,"pivot":{"x":1.1920928955078126e-7,"y":1.3048579692840577,"z":-0.02888624370098114},"rotation":{"x":-0.01741824485361576,"y":-0.9818182587623596,"z":0.1127224788069725,"w":-0.15170398354530335},"size":1.7267967462539673,"orthographic":false}